Run,Cloud,Job Conf,Workflow,History,Inputs,Tool,Tool Version,State,Slots,Memory,Runtime (Sec),CPU,Memory Limit (Bytes),Memory Max usage (Bytes)
1,m6i,16x64,03160453fdc5e235,3c3a4604d574a007,human-1x-f human-1x-r,hisat2,2.1.0+galaxy7,ok,16.0000000,68719.0000000,216.0000000,2346236672454.0000000,68719476736.0000000,11506089984.0000000,,,,,,,,,,
1,m6i,16x64,625f4c12c0506e79,0734fdff82342f42,human-1x-f human-1x-r,minimap2,2.17+galaxy4,ok,16.0000000,68719.0000000,282.0000000,2671764995994.0000000,68719476736.0000000,21854384128.0000000,,,,,,,,,,
1,m6i,16x64,03160453fdc5e235,3c3a4604d574a007,human-1x-f human-1x-r,bowtie2,2.4.2+galaxy0,error,16.0000000,68719.0000000,6.0000000,143981977.0000000,68719476736.0000000,13185024.0000000,,,,,,,,,,
1,m6i,16x64,625f4c12c0506e79,0734fdff82342f42,human-1x-f human-1x-r,bowtie2,2.4.2+galaxy0,error,16.0000000,68719.0000000,10.0000000,117987815.0000000,68719476736.0000000,15101952.0000000,,,,,,,,,,
1,m6i,16x64,625f4c12c0506e79,0734fdff82342f42,human-1x-f human-1x-r,hisat2,2.1.0+galaxy7,ok,16.0000000,68719.0000000,280.0000000,1860510446515.0000000,68719476736.0000000,12012912640.0000000,,,,,,,,,,
1,m6i,16x64,03160453fdc5e235,3c3a4604d574a007,human-1x-f human-1x-r,bwa_mem,0.7.17.1,ok,16.0000000,68719.0000000,657.0000000,9368924009641.0000000,68719476736.0000000,20213432320.0000000,,,,,,,,,,
1,m6i,16x64,03160453fdc5e235,3c3a4604d574a007,human-1x-f human-1x-r,minimap2,2.17+galaxy4,ok,16.0000000,68719.0000000,302.0000000,2921529031570.0000000,68719476736.0000000,29966045184.0000000,,,,,,,,,,
1,m6i,16x64,625f4c12c0506e79,0734fdff82342f42,human-1x-f human-1x-r,bwa_mem,0.7.17.1,error,16.0000000,68719.0000000,192.0000000,7291382411.0000000,68719476736.0000000,11443142656.0000000,,,,,,,,,,
