job_id,tool_id,tool_version,state,memory.max_usage_in_bytes,cpuacct.usage,process_count,galaxy_slots,runtime_seconds,ref_data_size,input_data_size_1,input_data_size_2
dea13362e093ff02,toolshed.g2.bx.psu.edu/repos/iuc/hisat2/hisat2/2.1.0+galaxy7,2.1.0+galaxy7,ok,11506089984.0000000,2346236672454.0000000,48.0000000,16.0000000,216.0000000,0,558003467,591264254
c5eb153e1bc92143,toolshed.g2.bx.psu.edu/repos/iuc/minimap2/minimap2/2.17+galaxy4,2.17+galaxy4,ok,21854384128.0000000,2671764995994.0000000,48.0000000,16.0000000,282.0000000,0,558003467,591264254
b1df129b895c4d18,toolshed.g2.bx.psu.edu/repos/devteam/bowtie2/bowtie2/2.4.2+galaxy0,2.4.2+galaxy0,error,13185024.0000000,143981977.0000000,48.0000000,16.0000000,6.0000000,0,558003467,591264254
b2c57c3e47618936,toolshed.g2.bx.psu.edu/repos/devteam/bowtie2/bowtie2/2.4.2+galaxy0,2.4.2+galaxy0,error,15101952.0000000,117987815.0000000,48.0000000,16.0000000,10.0000000,0,558003467,591264254
04bdd7d8879e0094,toolshed.g2.bx.psu.edu/repos/iuc/hisat2/hisat2/2.1.0+galaxy7,2.1.0+galaxy7,ok,12012912640.0000000,1860510446515.0000000,48.0000000,16.0000000,280.0000000,0,558003467,591264254
1cb468028f7f872a,toolshed.g2.bx.psu.edu/repos/devteam/bwa/bwa_mem/0.7.17.1,0.7.17.1,ok,20213432320.0000000,9368924009641.0000000,48.0000000,16.0000000,657.0000000,0,558003467,591264254
03a11705b36dcfcf,toolshed.g2.bx.psu.edu/repos/iuc/minimap2/minimap2/2.17+galaxy4,2.17+galaxy4,ok,29966045184.0000000,2921529031570.0000000,48.0000000,16.0000000,302.0000000,0,558003467,591264254
07f5b9accef356af,toolshed.g2.bx.psu.edu/repos/devteam/bwa/bwa_mem/0.7.17.1,0.7.17.1,error,11443142656.0000000,7291382411.0000000,48.0000000,16.0000000,192.0000000,0,558003467,591264254
